[
  [
    {
      "sm": "cherry",
      "a": 6
    },
    "Esc",
    {
      "a": 4
    },
    "!\n1",
    "@\n2",
    "#\n3",
    "$\n4",
    "%\n5",
    "^\n6",
    "&\n7",
    "*\n8",
    "(\n9",
    ")\n0",
    "_\n-",
    "+\n=",
    {
      "w": 2
    },
    "Backspace",
    {
      "x": 0.5
    },
    "Insert",
    {
      "sm": ""
    },
    "Home",
    "PgUp"
  ],
  [
    {
      "sm": "cherry",
      "w": 1.5
    },
    "Tab",
    "Q",
    "W",
    "E",
    "R",
    "T",
    "Y",
    "U",
    "I",
    "O",
    "P",
    "{\n[",
    "}\n]",
    {
      "w": 1.5
    },
    "|\n\\",
    {
      "x": 0.5
    },
    "Delete",
    {
      "sm": ""
    },
    "End",
    "PgDn"
  ],
  [
    {
      "sm": "cherry",
      "w": 1.75
    },
    "Caps Lock",
    "A",
    "S",
    "D",
    {
      "n": true
    },
    "F",
    "G",
    "H",
    {
      "n": true
    },
    "J",
    "K",
    "L",
    ":\n;",
    "\"\n'",
    {
      "w": 2.25
    },
    "Enter"
  ],
  [
    {
      "w": 2.25
    },
    "Shift",
    "Z",
    "X",
    "C",
    "V",
    "B",
    "N",
    "M",
    "<\n,",
    ">\n.",
    "?\n/",
    {
      "w": 2.75
    },
    "Shift",
    {
      "x": 1.5
    },
    "↑"
  ],
  [
    {
      "w": 1.25
    },
    "Ctrl",
    {
      "w": 1.25
    },
    "Alt",
    {
      "w": 1.25
    },
    "Cmd",
    {
      "a": 7,
      "w": 7
    },
    "",
    {
      "a": 4,
      "w": 1.5
    },
    "Alt",
    {
      "w": 1.5
    },
    "Fn",
    {
      "w": 1.25
    },
    "Ctrl",
    {
      "x": 0.5
    },
    "←",
    "↓",
    "→"
  ]
]